{
  "prepare_queue": {
    "installed": [],
    "uninstalled": []
  },
  "config_munge": {
    "files": {
      "config.xml": {
        "parents": {
          "/*": [
            {
              "xml": "<uses-permission android:name=\"android.permission.ACCESS_FINE_LOCATION\" />",
              "count": 1
            },
            {
              "xml": "<uses-permission android:name=\"android.permission.ACCESS_COARSE_LOCATION\" />",
              "count": 1
            },
            {
              "xml": "<uses-permission android:name=\"android.permission.INTERNET\" />",
              "count": 1
            },
            {
              "xml": "<uses-permission android:name=\"android.permission.ACCESS_NETWORK_STATE\" />",
              "count": 1
            }
          ]
        }
      }
    }
  },
  "installed_plugins": {
    "cordova-plugin-network-information": {
      "PACKAGE_NAME": "com.bacar.mqttandroidapp"
    },
    "cordova-plugin-geolocation": {
      "PACKAGE_NAME": "com.bacar.mqttandroidapp"
    },
    "cordova-plugin-whitelist": {
      "PACKAGE_NAME": "com.bacar.mqttandroidapp"
    }
  },
  "dependent_plugins": {},
  "installed_platforms": [
    "android"
  ],
  "plugin_metadata": {
    "cordova-plugin-network-information": "3.0.0",
    "cordova-plugin-geolocation": "5.0.0",
    "cordova-plugin-whitelist": "1.3.5"
  },
  "platform_metadata": {
    "android": {
      "version": "14.0.1",
      "name": "android"
    }
  },
  "packageName": "com.bacar.mqttandroidapp"
}
